fixture,preset,tau,theta,L,jEnergyEh,relFrobenius,farPairs,costProxy,note
H2O,kLoose,1.0000000000e-06,1.0500000000e+00,0,0.0000000000e+00,0.0000000000e+00,0,0.0000000000e+00,FAR-DEAD
H2O,kLoose,1.0000000000e-06,1.0500000000e+00,1,0.0000000000e+00,0.0000000000e+00,0,0.0000000000e+00,FAR-DEAD
H2O,kLoose,1.0000000000e-06,1.0500000000e+00,2,0.0000000000e+00,0.0000000000e+00,0,0.0000000000e+00,FAR-DEAD
H2O,kLoose,1.0000000000e-06,1.0500000000e+00,3,0.0000000000e+00,0.0000000000e+00,0,0.0000000000e+00,FAR-DEAD
H2O,kLoose,1.0000000000e-06,1.0500000000e+00,4,0.0000000000e+00,0.0000000000e+00,0,0.0000000000e+00,FAR-DEAD
H2O,kLoose,1.0000000000e-06,1.0500000000e+00,5,0.0000000000e+00,0.0000000000e+00,0,0.0000000000e+00,FAR-DEAD
H2O,kLoose,1.0000000000e-06,1.0500000000e+00,6,0.0000000000e+00,0.0000000000e+00,0,0.0000000000e+00,FAR-DEAD
H2O,kLoose,1.0000000000e-06,1.0500000000e+00,7,0.0000000000e+00,0.0000000000e+00,0,0.0000000000e+00,FAR-DEAD
H2O,kLoose,1.0000000000e-06,1.0500000000e+00,8,0.0000000000e+00,0.0000000000e+00,0,0.0000000000e+00,FAR-DEAD
H2O,kLoose,1.0000000000e-06,8.5000000000e-01,0,0.0000000000e+00,0.0000000000e+00,0,0.0000000000e+00,FAR-DEAD
H2O,kLoose,1.0000000000e-06,8.5000000000e-01,1,0.0000000000e+00,0.0000000000e+00,0,0.0000000000e+00,FAR-DEAD
H2O,kLoose,1.0000000000e-06,8.5000000000e-01,2,0.0000000000e+00,0.0000000000e+00,0,0.0000000000e+00,FAR-DEAD
H2O,kLoose,1.0000000000e-06,8.5000000000e-01,3,0.0000000000e+00,0.0000000000e+00,0,0.0000000000e+00,FAR-DEAD
H2O,kLoose,1.0000000000e-06,8.5000000000e-01,4,0.0000000000e+00,0.0000000000e+00,0,0.0000000000e+00,FAR-DEAD
H2O,kLoose,1.0000000000e-06,8.5000000000e-01,5,0.0000000000e+00,0.0000000000e+00,0,0.0000000000e+00,FAR-DEAD
H2O,kLoose,1.0000000000e-06,8.5000000000e-01,6,0.0000000000e+00,0.0000000000e+00,0,0.0000000000e+00,FAR-DEAD
H2O,kLoose,1.0000000000e-06,8.5000000000e-01,7,0.0000000000e+00,0.0000000000e+00,0,0.0000000000e+00,FAR-DEAD
H2O,kLoose,1.0000000000e-06,8.5000000000e-01,8,0.0000000000e+00,0.0000000000e+00,0,0.0000000000e+00,FAR-DEAD
H2O,kLoose,1.0000000000e-06,7.0000000000e-01,0,0.0000000000e+00,0.0000000000e+00,0,0.0000000000e+00,FAR-DEAD
H2O,kLoose,1.0000000000e-06,7.0000000000e-01,1,0.0000000000e+00,0.0000000000e+00,0,0.0000000000e+00,FAR-DEAD
H2O,kLoose,1.0000000000e-06,7.0000000000e-01,2,0.0000000000e+00,0.0000000000e+00,0,0.0000000000e+00,FAR-DEAD
H2O,kLoose,1.0000000000e-06,7.0000000000e-01,3,0.0000000000e+00,0.0000000000e+00,0,0.0000000000e+00,FAR-DEAD
H2O,kLoose,1.0000000000e-06,7.0000000000e-01,4,0.0000000000e+00,0.0000000000e+00,0,0.0000000000e+00,FAR-DEAD
H2O,kLoose,1.0000000000e-06,7.0000000000e-01,5,0.0000000000e+00,0.0000000000e+00,0,0.0000000000e+00,FAR-DEAD
H2O,kLoose,1.0000000000e-06,7.0000000000e-01,6,0.0000000000e+00,0.0000000000e+00,0,0.0000000000e+00,FAR-DEAD
H2O,kLoose,1.0000000000e-06,7.0000000000e-01,7,0.0000000000e+00,0.0000000000e+00,0,0.0000000000e+00,FAR-DEAD
H2O,kLoose,1.0000000000e-06,7.0000000000e-01,8,0.0000000000e+00,0.0000000000e+00,0,0.0000000000e+00,FAR-DEAD
H2O,kLoose,1.0000000000e-06,5.5000000000e-01,0,0.0000000000e+00,0.0000000000e+00,0,0.0000000000e+00,FAR-DEAD
H2O,kLoose,1.0000000000e-06,5.5000000000e-01,1,0.0000000000e+00,0.0000000000e+00,0,0.0000000000e+00,FAR-DEAD
H2O,kLoose,1.0000000000e-06,5.5000000000e-01,2,0.0000000000e+00,0.0000000000e+00,0,0.0000000000e+00,FAR-DEAD
H2O,kLoose,1.0000000000e-06,5.5000000000e-01,3,0.0000000000e+00,0.0000000000e+00,0,0.0000000000e+00,FAR-DEAD
H2O,kLoose,1.0000000000e-06,5.5000000000e-01,4,0.0000000000e+00,0.0000000000e+00,0,0.0000000000e+00,FAR-DEAD
H2O,kLoose,1.0000000000e-06,5.5000000000e-01,5,0.0000000000e+00,0.0000000000e+00,0,0.0000000000e+00,FAR-DEAD
H2O,kLoose,1.0000000000e-06,5.5000000000e-01,6,0.0000000000e+00,0.0000000000e+00,0,0.0000000000e+00,FAR-DEAD
H2O,kLoose,1.0000000000e-06,5.5000000000e-01,7,0.0000000000e+00,0.0000000000e+00,0,0.0000000000e+00,FAR-DEAD
H2O,kLoose,1.0000000000e-06,5.5000000000e-01,8,0.0000000000e+00,0.0000000000e+00,0,0.0000000000e+00,FAR-DEAD
H2O,kLoose,1.0000000000e-06,4.5000000000e-01,0,0.0000000000e+00,0.0000000000e+00,0,0.0000000000e+00,FAR-DEAD
H2O,kLoose,1.0000000000e-06,4.5000000000e-01,1,0.0000000000e+00,0.0000000000e+00,0,0.0000000000e+00,FAR-DEAD
H2O,kLoose,1.0000000000e-06,4.5000000000e-01,2,0.0000000000e+00,0.0000000000e+00,0,0.0000000000e+00,FAR-DEAD
H2O,kLoose,1.0000000000e-06,4.5000000000e-01,3,0.0000000000e+00,0.0000000000e+00,0,0.0000000000e+00,FAR-DEAD
H2O,kLoose,1.0000000000e-06,4.5000000000e-01,4,0.0000000000e+00,0.0000000000e+00,0,0.0000000000e+00,FAR-DEAD
H2O,kLoose,1.0000000000e-06,4.5000000000e-01,5,0.0000000000e+00,0.0000000000e+00,0,0.0000000000e+00,FAR-DEAD
H2O,kLoose,1.0000000000e-06,4.5000000000e-01,6,0.0000000000e+00,0.0000000000e+00,0,0.0000000000e+00,FAR-DEAD
H2O,kLoose,1.0000000000e-06,4.5000000000e-01,7,0.0000000000e+00,0.0000000000e+00,0,0.0000000000e+00,FAR-DEAD
H2O,kLoose,1.0000000000e-06,4.5000000000e-01,8,0.0000000000e+00,0.0000000000e+00,0,0.0000000000e+00,FAR-DEAD
H2O,kLoose,1.0000000000e-06,3.5000000000e-01,0,0.0000000000e+00,0.0000000000e+00,0,0.0000000000e+00,FAR-DEAD
H2O,kLoose,1.0000000000e-06,3.5000000000e-01,1,0.0000000000e+00,0.0000000000e+00,0,0.0000000000e+00,FAR-DEAD
H2O,kLoose,1.0000000000e-06,3.5000000000e-01,2,0.0000000000e+00,0.0000000000e+00,0,0.0000000000e+00,FAR-DEAD
H2O,kLoose,1.0000000000e-06,3.5000000000e-01,3,0.0000000000e+00,0.0000000000e+00,0,0.0000000000e+00,FAR-DEAD
H2O,kLoose,1.0000000000e-06,3.5000000000e-01,4,0.0000000000e+00,0.0000000000e+00,0,0.0000000000e+00,FAR-DEAD
H2O,kLoose,1.0000000000e-06,3.5000000000e-01,5,0.0000000000e+00,0.0000000000e+00,0,0.0000000000e+00,FAR-DEAD
H2O,kLoose,1.0000000000e-06,3.5000000000e-01,6,0.0000000000e+00,0.0000000000e+00,0,0.0000000000e+00,FAR-DEAD
H2O,kLoose,1.0000000000e-06,3.5000000000e-01,7,0.0000000000e+00,0.0000000000e+00,0,0.0000000000e+00,FAR-DEAD
H2O,kLoose,1.0000000000e-06,3.5000000000e-01,8,0.0000000000e+00,0.0000000000e+00,0,0.0000000000e+00,FAR-DEAD
H2O,kLoose,1.0000000000e-06,3.0000000000e-01,0,0.0000000000e+00,0.0000000000e+00,0,0.0000000000e+00,FAR-DEAD
H2O,kLoose,1.0000000000e-06,3.0000000000e-01,1,0.0000000000e+00,0.0000000000e+00,0,0.0000000000e+00,FAR-DEAD
H2O,kLoose,1.0000000000e-06,3.0000000000e-01,2,0.0000000000e+00,0.0000000000e+00,0,0.0000000000e+00,FAR-DEAD
H2O,kLoose,1.0000000000e-06,3.0000000000e-01,3,0.0000000000e+00,0.0000000000e+00,0,0.0000000000e+00,FAR-DEAD
H2O,kLoose,1.0000000000e-06,3.0000000000e-01,4,0.0000000000e+00,0.0000000000e+00,0,0.0000000000e+00,FAR-DEAD
H2O,kLoose,1.0000000000e-06,3.0000000000e-01,5,0.0000000000e+00,0.0000000000e+00,0,0.0000000000e+00,FAR-DEAD
H2O,kLoose,1.0000000000e-06,3.0000000000e-01,6,0.0000000000e+00,0.0000000000e+00,0,0.0000000000e+00,FAR-DEAD
H2O,kLoose,1.0000000000e-06,3.0000000000e-01,7,0.0000000000e+00,0.0000000000e+00,0,0.0000000000e+00,FAR-DEAD
H2O,kLoose,1.0000000000e-06,3.0000000000e-01,8,0.0000000000e+00,0.0000000000e+00,0,0.0000000000e+00,FAR-DEAD
H2O,kNormal,1.0000000000e-08,1.0500000000e+00,0,0.0000000000e+00,0.0000000000e+00,0,0.0000000000e+00,FAR-DEAD
H2O,kNormal,1.0000000000e-08,1.0500000000e+00,1,0.0000000000e+00,0.0000000000e+00,0,0.0000000000e+00,FAR-DEAD
H2O,kNormal,1.0000000000e-08,1.0500000000e+00,2,0.0000000000e+00,0.0000000000e+00,0,0.0000000000e+00,FAR-DEAD
H2O,kNormal,1.0000000000e-08,1.0500000000e+00,3,0.0000000000e+00,0.0000000000e+00,0,0.0000000000e+00,FAR-DEAD
H2O,kNormal,1.0000000000e-08,1.0500000000e+00,4,0.0000000000e+00,0.0000000000e+00,0,0.0000000000e+00,FAR-DEAD
H2O,kNormal,1.0000000000e-08,1.0500000000e+00,5,0.0000000000e+00,0.0000000000e+00,0,0.0000000000e+00,FAR-DEAD
H2O,kNormal,1.0000000000e-08,1.0500000000e+00,6,0.0000000000e+00,0.0000000000e+00,0,0.0000000000e+00,FAR-DEAD
H2O,kNormal,1.0000000000e-08,1.0500000000e+00,7,0.0000000000e+00,0.0000000000e+00,0,0.0000000000e+00,FAR-DEAD
H2O,kNormal,1.0000000000e-08,1.0500000000e+00,8,0.0000000000e+00,0.0000000000e+00,0,0.0000000000e+00,FAR-DEAD
H2O,kNormal,1.0000000000e-08,8.5000000000e-01,0,0.0000000000e+00,0.0000000000e+00,0,0.0000000000e+00,FAR-DEAD
H2O,kNormal,1.0000000000e-08,8.5000000000e-01,1,0.0000000000e+00,0.0000000000e+00,0,0.0000000000e+00,FAR-DEAD
H2O,kNormal,1.0000000000e-08,8.5000000000e-01,2,0.0000000000e+00,0.0000000000e+00,0,0.0000000000e+00,FAR-DEAD
H2O,kNormal,1.0000000000e-08,8.5000000000e-01,3,0.0000000000e+00,0.0000000000e+00,0,0.0000000000e+00,FAR-DEAD
H2O,kNormal,1.0000000000e-08,8.5000000000e-01,4,0.0000000000e+00,0.0000000000e+00,0,0.0000000000e+00,FAR-DEAD
H2O,kNormal,1.0000000000e-08,8.5000000000e-01,5,0.0000000000e+00,0.0000000000e+00,0,0.0000000000e+00,FAR-DEAD
H2O,kNormal,1.0000000000e-08,8.5000000000e-01,6,0.0000000000e+00,0.0000000000e+00,0,0.0000000000e+00,FAR-DEAD
H2O,kNormal,1.0000000000e-08,8.5000000000e-01,7,0.0000000000e+00,0.0000000000e+00,0,0.0000000000e+00,FAR-DEAD
H2O,kNormal,1.0000000000e-08,8.5000000000e-01,8,0.0000000000e+00,0.0000000000e+00,0,0.0000000000e+00,FAR-DEAD
H2O,kNormal,1.0000000000e-08,7.0000000000e-01,0,0.0000000000e+00,0.0000000000e+00,0,0.0000000000e+00,FAR-DEAD
H2O,kNormal,1.0000000000e-08,7.0000000000e-01,1,0.0000000000e+00,0.0000000000e+00,0,0.0000000000e+00,FAR-DEAD
H2O,kNormal,1.0000000000e-08,7.0000000000e-01,2,0.0000000000e+00,0.0000000000e+00,0,0.0000000000e+00,FAR-DEAD
H2O,kNormal,1.0000000000e-08,7.0000000000e-01,3,0.0000000000e+00,0.0000000000e+00,0,0.0000000000e+00,FAR-DEAD
H2O,kNormal,1.0000000000e-08,7.0000000000e-01,4,0.0000000000e+00,0.0000000000e+00,0,0.0000000000e+00,FAR-DEAD
H2O,kNormal,1.0000000000e-08,7.0000000000e-01,5,0.0000000000e+00,0.0000000000e+00,0,0.0000000000e+00,FAR-DEAD
H2O,kNormal,1.0000000000e-08,7.0000000000e-01,6,0.0000000000e+00,0.0000000000e+00,0,0.0000000000e+00,FAR-DEAD
H2O,kNormal,1.0000000000e-08,7.0000000000e-01,7,0.0000000000e+00,0.0000000000e+00,0,0.0000000000e+00,FAR-DEAD
H2O,kNormal,1.0000000000e-08,7.0000000000e-01,8,0.0000000000e+00,0.0000000000e+00,0,0.0000000000e+00,FAR-DEAD
H2O,kNormal,1.0000000000e-08,5.5000000000e-01,0,0.0000000000e+00,0.0000000000e+00,0,0.0000000000e+00,FAR-DEAD
H2O,kNormal,1.0000000000e-08,5.5000000000e-01,1,0.0000000000e+00,0.0000000000e+00,0,0.0000000000e+00,FAR-DEAD
H2O,kNormal,1.0000000000e-08,5.5000000000e-01,2,0.0000000000e+00,0.0000000000e+00,0,0.0000000000e+00,FAR-DEAD
H2O,kNormal,1.0000000000e-08,5.5000000000e-01,3,0.0000000000e+00,0.0000000000e+00,0,0.0000000000e+00,FAR-DEAD
H2O,kNormal,1.0000000000e-08,5.5000000000e-01,4,0.0000000000e+00,0.0000000000e+00,0,0.0000000000e+00,FAR-DEAD
H2O,kNormal,1.0000000000e-08,5.5000000000e-01,5,0.0000000000e+00,0.0000000000e+00,0,0.0000000000e+00,FAR-DEAD
H2O,kNormal,1.0000000000e-08,5.5000000000e-01,6,0.0000000000e+00,0.0000000000e+00,0,0.0000000000e+00,FAR-DEAD
H2O,kNormal,1.0000000000e-08,5.5000000000e-01,7,0.0000000000e+00,0.0000000000e+00,0,0.0000000000e+00,FAR-DEAD
H2O,kNormal,1.0000000000e-08,5.5000000000e-01,8,0.0000000000e+00,0.0000000000e+00,0,0.0000000000e+00,FAR-DEAD
H2O,kNormal,1.0000000000e-08,4.5000000000e-01,0,0.0000000000e+00,0.0000000000e+00,0,0.0000000000e+00,FAR-DEAD
H2O,kNormal,1.0000000000e-08,4.5000000000e-01,1,0.0000000000e+00,0.0000000000e+00,0,0.0000000000e+00,FAR-DEAD
H2O,kNormal,1.0000000000e-08,4.5000000000e-01,2,0.0000000000e+00,0.0000000000e+00,0,0.0000000000e+00,FAR-DEAD
H2O,kNormal,1.0000000000e-08,4.5000000000e-01,3,0.0000000000e+00,0.0000000000e+00,0,0.0000000000e+00,FAR-DEAD
H2O,kNormal,1.0000000000e-08,4.5000000000e-01,4,0.0000000000e+00,0.0000000000e+00,0,0.0000000000e+00,FAR-DEAD
H2O,kNormal,1.0000000000e-08,4.5000000000e-01,5,0.0000000000e+00,0.0000000000e+00,0,0.0000000000e+00,FAR-DEAD
H2O,kNormal,1.0000000000e-08,4.5000000000e-01,6,0.0000000000e+00,0.0000000000e+00,0,0.0000000000e+00,FAR-DEAD
H2O,kNormal,1.0000000000e-08,4.5000000000e-01,7,0.0000000000e+00,0.0000000000e+00,0,0.0000000000e+00,FAR-DEAD
H2O,kNormal,1.0000000000e-08,4.5000000000e-01,8,0.0000000000e+00,0.0000000000e+00,0,0.0000000000e+00,FAR-DEAD
H2O,kNormal,1.0000000000e-08,3.5000000000e-01,0,0.0000000000e+00,0.0000000000e+00,0,0.0000000000e+00,FAR-DEAD
H2O,kNormal,1.0000000000e-08,3.5000000000e-01,1,0.0000000000e+00,0.0000000000e+00,0,0.0000000000e+00,FAR-DEAD
H2O,kNormal,1.0000000000e-08,3.5000000000e-01,2,0.0000000000e+00,0.0000000000e+00,0,0.0000000000e+00,FAR-DEAD
H2O,kNormal,1.0000000000e-08,3.5000000000e-01,3,0.0000000000e+00,0.0000000000e+00,0,0.0000000000e+00,FAR-DEAD
H2O,kNormal,1.0000000000e-08,3.5000000000e-01,4,0.0000000000e+00,0.0000000000e+00,0,0.0000000000e+00,FAR-DEAD
H2O,kNormal,1.0000000000e-08,3.5000000000e-01,5,0.0000000000e+00,0.0000000000e+00,0,0.0000000000e+00,FAR-DEAD
H2O,kNormal,1.0000000000e-08,3.5000000000e-01,6,0.0000000000e+00,0.0000000000e+00,0,0.0000000000e+00,FAR-DEAD
H2O,kNormal,1.0000000000e-08,3.5000000000e-01,7,0.0000000000e+00,0.0000000000e+00,0,0.0000000000e+00,FAR-DEAD
H2O,kNormal,1.0000000000e-08,3.5000000000e-01,8,0.0000000000e+00,0.0000000000e+00,0,0.0000000000e+00,FAR-DEAD
H2O,kNormal,1.0000000000e-08,3.0000000000e-01,0,0.0000000000e+00,0.0000000000e+00,0,0.0000000000e+00,FAR-DEAD
H2O,kNormal,1.0000000000e-08,3.0000000000e-01,1,0.0000000000e+00,0.0000000000e+00,0,0.0000000000e+00,FAR-DEAD
H2O,kNormal,1.0000000000e-08,3.0000000000e-01,2,0.0000000000e+00,0.0000000000e+00,0,0.0000000000e+00,FAR-DEAD
H2O,kNormal,1.0000000000e-08,3.0000000000e-01,3,0.0000000000e+00,0.0000000000e+00,0,0.0000000000e+00,FAR-DEAD
H2O,kNormal,1.0000000000e-08,3.0000000000e-01,4,0.0000000000e+00,0.0000000000e+00,0,0.0000000000e+00,FAR-DEAD
H2O,kNormal,1.0000000000e-08,3.0000000000e-01,5,0.0000000000e+00,0.0000000000e+00,0,0.0000000000e+00,FAR-DEAD
H2O,kNormal,1.0000000000e-08,3.0000000000e-01,6,0.0000000000e+00,0.0000000000e+00,0,0.0000000000e+00,FAR-DEAD
H2O,kNormal,1.0000000000e-08,3.0000000000e-01,7,0.0000000000e+00,0.0000000000e+00,0,0.0000000000e+00,FAR-DEAD
H2O,kNormal,1.0000000000e-08,3.0000000000e-01,8,0.0000000000e+00,0.0000000000e+00,0,0.0000000000e+00,FAR-DEAD
H2O,kTight,1.0000000000e-10,1.0500000000e+00,0,0.0000000000e+00,0.0000000000e+00,0,0.0000000000e+00,FAR-DEAD
H2O,kTight,1.0000000000e-10,1.0500000000e+00,1,0.0000000000e+00,0.0000000000e+00,0,0.0000000000e+00,FAR-DEAD
H2O,kTight,1.0000000000e-10,1.0500000000e+00,2,0.0000000000e+00,0.0000000000e+00,0,0.0000000000e+00,FAR-DEAD
H2O,kTight,1.0000000000e-10,1.0500000000e+00,3,0.0000000000e+00,0.0000000000e+00,0,0.0000000000e+00,FAR-DEAD
H2O,kTight,1.0000000000e-10,1.0500000000e+00,4,0.0000000000e+00,0.0000000000e+00,0,0.0000000000e+00,FAR-DEAD
H2O,kTight,1.0000000000e-10,1.0500000000e+00,5,0.0000000000e+00,0.0000000000e+00,0,0.0000000000e+00,FAR-DEAD
H2O,kTight,1.0000000000e-10,1.0500000000e+00,6,0.0000000000e+00,0.0000000000e+00,0,0.0000000000e+00,FAR-DEAD
H2O,kTight,1.0000000000e-10,1.0500000000e+00,7,0.0000000000e+00,0.0000000000e+00,0,0.0000000000e+00,FAR-DEAD
H2O,kTight,1.0000000000e-10,1.0500000000e+00,8,0.0000000000e+00,0.0000000000e+00,0,0.0000000000e+00,FAR-DEAD
H2O,kTight,1.0000000000e-10,8.5000000000e-01,0,0.0000000000e+00,0.0000000000e+00,0,0.0000000000e+00,FAR-DEAD
H2O,kTight,1.0000000000e-10,8.5000000000e-01,1,0.0000000000e+00,0.0000000000e+00,0,0.0000000000e+00,FAR-DEAD
H2O,kTight,1.0000000000e-10,8.5000000000e-01,2,0.0000000000e+00,0.0000000000e+00,0,0.0000000000e+00,FAR-DEAD
H2O,kTight,1.0000000000e-10,8.5000000000e-01,3,0.0000000000e+00,0.0000000000e+00,0,0.0000000000e+00,FAR-DEAD
H2O,kTight,1.0000000000e-10,8.5000000000e-01,4,0.0000000000e+00,0.0000000000e+00,0,0.0000000000e+00,FAR-DEAD
H2O,kTight,1.0000000000e-10,8.5000000000e-01,5,0.0000000000e+00,0.0000000000e+00,0,0.0000000000e+00,FAR-DEAD
H2O,kTight,1.0000000000e-10,8.5000000000e-01,6,0.0000000000e+00,0.0000000000e+00,0,0.0000000000e+00,FAR-DEAD
H2O,kTight,1.0000000000e-10,8.5000000000e-01,7,0.0000000000e+00,0.0000000000e+00,0,0.0000000000e+00,FAR-DEAD
H2O,kTight,1.0000000000e-10,8.5000000000e-01,8,0.0000000000e+00,0.0000000000e+00,0,0.0000000000e+00,FAR-DEAD
H2O,kTight,1.0000000000e-10,7.0000000000e-01,0,0.0000000000e+00,0.0000000000e+00,0,0.0000000000e+00,FAR-DEAD
H2O,kTight,1.0000000000e-10,7.0000000000e-01,1,0.0000000000e+00,0.0000000000e+00,0,0.0000000000e+00,FAR-DEAD
H2O,kTight,1.0000000000e-10,7.0000000000e-01,2,0.0000000000e+00,0.0000000000e+00,0,0.0000000000e+00,FAR-DEAD
H2O,kTight,1.0000000000e-10,7.0000000000e-01,3,0.0000000000e+00,0.0000000000e+00,0,0.0000000000e+00,FAR-DEAD
H2O,kTight,1.0000000000e-10,7.0000000000e-01,4,0.0000000000e+00,0.0000000000e+00,0,0.0000000000e+00,FAR-DEAD
H2O,kTight,1.0000000000e-10,7.0000000000e-01,5,0.0000000000e+00,0.0000000000e+00,0,0.0000000000e+00,FAR-DEAD
H2O,kTight,1.0000000000e-10,7.0000000000e-01,6,0.0000000000e+00,0.0000000000e+00,0,0.0000000000e+00,FAR-DEAD
H2O,kTight,1.0000000000e-10,7.0000000000e-01,7,0.0000000000e+00,0.0000000000e+00,0,0.0000000000e+00,FAR-DEAD
H2O,kTight,1.0000000000e-10,7.0000000000e-01,8,0.0000000000e+00,0.0000000000e+00,0,0.0000000000e+00,FAR-DEAD
H2O,kTight,1.0000000000e-10,5.5000000000e-01,0,0.0000000000e+00,0.0000000000e+00,0,0.0000000000e+00,FAR-DEAD
H2O,kTight,1.0000000000e-10,5.5000000000e-01,1,0.0000000000e+00,0.0000000000e+00,0,0.0000000000e+00,FAR-DEAD
H2O,kTight,1.0000000000e-10,5.5000000000e-01,2,0.0000000000e+00,0.0000000000e+00,0,0.0000000000e+00,FAR-DEAD
H2O,kTight,1.0000000000e-10,5.5000000000e-01,3,0.0000000000e+00,0.0000000000e+00,0,0.0000000000e+00,FAR-DEAD
H2O,kTight,1.0000000000e-10,5.5000000000e-01,4,0.0000000000e+00,0.0000000000e+00,0,0.0000000000e+00,FAR-DEAD
H2O,kTight,1.0000000000e-10,5.5000000000e-01,5,0.0000000000e+00,0.0000000000e+00,0,0.0000000000e+00,FAR-DEAD
H2O,kTight,1.0000000000e-10,5.5000000000e-01,6,0.0000000000e+00,0.0000000000e+00,0,0.0000000000e+00,FAR-DEAD
H2O,kTight,1.0000000000e-10,5.5000000000e-01,7,0.0000000000e+00,0.0000000000e+00,0,0.0000000000e+00,FAR-DEAD
H2O,kTight,1.0000000000e-10,5.5000000000e-01,8,0.0000000000e+00,0.0000000000e+00,0,0.0000000000e+00,FAR-DEAD
H2O,kTight,1.0000000000e-10,4.5000000000e-01,0,0.0000000000e+00,0.0000000000e+00,0,0.0000000000e+00,FAR-DEAD
H2O,kTight,1.0000000000e-10,4.5000000000e-01,1,0.0000000000e+00,0.0000000000e+00,0,0.0000000000e+00,FAR-DEAD
H2O,kTight,1.0000000000e-10,4.5000000000e-01,2,0.0000000000e+00,0.0000000000e+00,0,0.0000000000e+00,FAR-DEAD
H2O,kTight,1.0000000000e-10,4.5000000000e-01,3,0.0000000000e+00,0.0000000000e+00,0,0.0000000000e+00,FAR-DEAD
H2O,kTight,1.0000000000e-10,4.5000000000e-01,4,0.0000000000e+00,0.0000000000e+00,0,0.0000000000e+00,FAR-DEAD
H2O,kTight,1.0000000000e-10,4.5000000000e-01,5,0.0000000000e+00,0.0000000000e+00,0,0.0000000000e+00,FAR-DEAD
H2O,kTight,1.0000000000e-10,4.5000000000e-01,6,0.0000000000e+00,0.0000000000e+00,0,0.0000000000e+00,FAR-DEAD
H2O,kTight,1.0000000000e-10,4.5000000000e-01,7,0.0000000000e+00,0.0000000000e+00,0,0.0000000000e+00,FAR-DEAD
H2O,kTight,1.0000000000e-10,4.5000000000e-01,8,0.0000000000e+00,0.0000000000e+00,0,0.0000000000e+00,FAR-DEAD
H2O,kTight,1.0000000000e-10,3.5000000000e-01,0,0.0000000000e+00,0.0000000000e+00,0,0.0000000000e+00,FAR-DEAD
H2O,kTight,1.0000000000e-10,3.5000000000e-01,1,0.0000000000e+00,0.0000000000e+00,0,0.0000000000e+00,FAR-DEAD
H2O,kTight,1.0000000000e-10,3.5000000000e-01,2,0.0000000000e+00,0.0000000000e+00,0,0.0000000000e+00,FAR-DEAD
H2O,kTight,1.0000000000e-10,3.5000000000e-01,3,0.0000000000e+00,0.0000000000e+00,0,0.0000000000e+00,FAR-DEAD
H2O,kTight,1.0000000000e-10,3.5000000000e-01,4,0.0000000000e+00,0.0000000000e+00,0,0.0000000000e+00,FAR-DEAD
H2O,kTight,1.0000000000e-10,3.5000000000e-01,5,0.0000000000e+00,0.0000000000e+00,0,0.0000000000e+00,FAR-DEAD
H2O,kTight,1.0000000000e-10,3.5000000000e-01,6,0.0000000000e+00,0.0000000000e+00,0,0.0000000000e+00,FAR-DEAD
H2O,kTight,1.0000000000e-10,3.5000000000e-01,7,0.0000000000e+00,0.0000000000e+00,0,0.0000000000e+00,FAR-DEAD
H2O,kTight,1.0000000000e-10,3.5000000000e-01,8,0.0000000000e+00,0.0000000000e+00,0,0.0000000000e+00,FAR-DEAD
H2O,kTight,1.0000000000e-10,3.0000000000e-01,0,0.0000000000e+00,0.0000000000e+00,0,0.0000000000e+00,FAR-DEAD
H2O,kTight,1.0000000000e-10,3.0000000000e-01,1,0.0000000000e+00,0.0000000000e+00,0,0.0000000000e+00,FAR-DEAD
H2O,kTight,1.0000000000e-10,3.0000000000e-01,2,0.0000000000e+00,0.0000000000e+00,0,0.0000000000e+00,FAR-DEAD
H2O,kTight,1.0000000000e-10,3.0000000000e-01,3,0.0000000000e+00,0.0000000000e+00,0,0.0000000000e+00,FAR-DEAD
H2O,kTight,1.0000000000e-10,3.0000000000e-01,4,0.0000000000e+00,0.0000000000e+00,0,0.0000000000e+00,FAR-DEAD
H2O,kTight,1.0000000000e-10,3.0000000000e-01,5,0.0000000000e+00,0.0000000000e+00,0,0.0000000000e+00,FAR-DEAD
H2O,kTight,1.0000000000e-10,3.0000000000e-01,6,0.0000000000e+00,0.0000000000e+00,0,0.0000000000e+00,FAR-DEAD
H2O,kTight,1.0000000000e-10,3.0000000000e-01,7,0.0000000000e+00,0.0000000000e+00,0,0.0000000000e+00,FAR-DEAD
H2O,kTight,1.0000000000e-10,3.0000000000e-01,8,0.0000000000e+00,0.0000000000e+00,0,0.0000000000e+00,FAR-DEAD
C12H26,kLoose,1.0000000000e-06,1.0500000000e+00,0,4.5246731598e-01,2.6949166087e-02,1435,1.4350000000e+03,
C12H26,kLoose,1.0000000000e-06,1.0500000000e+00,1,3.7153153220e-01,5.4107387520e-03,1435,5.7400000000e+03,
C12H26,kLoose,1.0000000000e-06,1.0500000000e+00,2,3.5381328763e-02,8.5473306404e-04,1435,1.2915000000e+04,
C12H26,kLoose,1.0000000000e-06,1.0500000000e+00,3,9.6774728874e-03,1.9924552399e-04,1435,2.2960000000e+04,
C12H26,kLoose,1.0000000000e-06,1.0500000000e+00,4,1.7861651812e-03,4.6707679967e-05,1435,3.5875000000e+04,
C12H26,kLoose,1.0000000000e-06,1.0500000000e+00,5,4.3081157366e-04,1.1784651475e-05,1435,5.1660000000e+04,
C12H26,kLoose,1.0000000000e-06,1.0500000000e+00,6,9.6524900657e-05,2.9991149361e-06,1435,7.0315000000e+04,
C12H26,kLoose,1.0000000000e-06,1.0500000000e+00,7,2.4718801255e-05,8.0547373096e-07,1435,9.1840000000e+04,
C12H26,kLoose,1.0000000000e-06,1.0500000000e+00,8,3.8185538885e-06,2.5716134919e-07,1435,1.1623500000e+05,
C12H26,kLoose,1.0000000000e-06,8.5000000000e-01,0,4.0852447709e-01,1.6730342880e-02,1123,1.1230000000e+03,
C12H26,kLoose,1.0000000000e-06,8.5000000000e-01,1,2.0214796187e-01,2.9417197463e-03,1123,4.4920000000e+03,
C12H26,kLoose,1.0000000000e-06,8.5000000000e-01,2,1.1132466529e-02,2.7250780341e-04,1123,1.0107000000e+04,
C12H26,kLoose,1.0000000000e-06,8.5000000000e-01,3,2.5032359928e-03,4.6142381223e-05,1123,1.7968000000e+04,
C12H26,kLoose,1.0000000000e-06,8.5000000000e-01,4,2.3132805870e-04,6.6654055779e-06,1123,2.8075000000e+04,
C12H26,kLoose,1.0000000000e-06,8.5000000000e-01,5,4.1732462348e-05,1.2204926359e-06,1123,4.0428000000e+04,
C12H26,kLoose,1.0000000000e-06,8.5000000000e-01,6,3.8151350692e-06,2.7751626542e-07,1123,5.5027000000e+04,
C12H26,kLoose,1.0000000000e-06,8.5000000000e-01,7,2.6283003383e-06,1.7682935620e-07,1123,7.1872000000e+04,
C12H26,kLoose,1.0000000000e-06,8.5000000000e-01,8,1.4482019589e-06,1.7069087372e-07,1123,9.0963000000e+04,
C12H26,kLoose,1.0000000000e-06,7.0000000000e-01,0,3.0255894674e-01,7.5938876931e-03,829,8.2900000000e+02,
C12H26,kLoose,1.0000000000e-06,7.0000000000e-01,1,3.8021104781e-02,7.0382240470e-04,829,3.3160000000e+03,
C12H26,kLoose,1.0000000000e-06,7.0000000000e-01,2,1.7177896353e-03,4.7357661702e-05,829,7.4610000000e+03,
C12H26,kLoose,1.0000000000e-06,7.0000000000e-01,3,2.4866473262e-04,6.0704594338e-06,829,1.3264000000e+04,
C12H26,kLoose,1.0000000000e-06,7.0000000000e-01,4,1.4362686841e-05,5.8265223615e-07,829,2.0725000000e+04,
C12H26,kLoose,1.0000000000e-06,7.0000000000e-01,5,3.9064868143e-06,1.9484602801e-07,829,2.9844000000e+04,
C12H26,kLoose,1.0000000000e-06,7.0000000000e-01,6,1.4152459029e-06,1.7587608316e-07,829,4.0621000000e+04,
C12H26,kLoose,1.0000000000e-06,7.0000000000e-01,7,1.6449840689e-06,1.7591891317e-07,829,5.3056000000e+04,
C12H26,kLoose,1.0000000000e-06,7.0000000000e-01,8,1.6120795075e-06,1.7587713466e-07,829,6.7149000000e+04,
C12H26,kLoose,1.0000000000e-06,5.5000000000e-01,0,9.6652566643e-02,2.4689415882e-03,353,3.5300000000e+02,
C12H26,kLoose,1.0000000000e-06,5.5000000000e-01,1,6.6304339116e-03,1.3797823553e-04,353,1.4120000000e+03,
C12H26,kLoose,1.0000000000e-06,5.5000000000e-01,2,3.6056549292e-04,8.3142854203e-06,353,3.1770000000e+03,
C12H26,kLoose,1.0000000000e-06,5.5000000000e-01,3,2.2194233522e-05,6.0947634187e-07,353,5.6480000000e+03,
C12H26,kLoose,1.0000000000e-06,5.5000000000e-01,4,2.4713898042e-07,1.8217753398e-07,353,8.8250000000e+03,
C12H26,kLoose,1.0000000000e-06,5.5000000000e-01,5,1.6582863985e-06,1.7749452028e-07,353,1.2708000000e+04,
C12H26,kLoose,1.0000000000e-06,5.5000000000e-01,6,1.5821620863e-06,1.7745733740e-07,353,1.7297000000e+04,
C12H26,kLoose,1.0000000000e-06,5.5000000000e-01,7,1.5877127061e-06,1.7745873411e-07,353,2.2592000000e+04,
C12H26,kLoose,1.0000000000e-06,5.5000000000e-01,8,1.5875279409e-06,1.7745881623e-07,353,2.8593000000e+04,
C12H26,kLoose,1.0000000000e-06,4.5000000000e-01,0,4.1496133738e-03,3.7530738979e-04,14,1.4000000000e+01,
C12H26,kLoose,1.0000000000e-06,4.5000000000e-01,1,8.1112445707e-05,1.2090807350e-05,14,5.6000000000e+01,
C12H26,kLoose,1.0000000000e-06,4.5000000000e-01,2,1.1742242427e-06,1.9178696933e-07,14,1.2600000000e+02,
C12H26,kLoose,1.0000000000e-06,4.5000000000e-01,3,1.6012062106e-06,1.7789888910e-07,14,2.2400000000e+02,
C12H26,kLoose,1.0000000000e-06,4.5000000000e-01,4,1.6051210219e-06,1.7789869512e-07,14,3.5000000000e+02,
C12H26,kLoose,1.0000000000e-06,4.5000000000e-01,5,1.6052121482e-06,1.7789862543e-07,14,5.0400000000e+02,
C12H26,kLoose,1.0000000000e-06,4.5000000000e-01,6,1.6052094665e-06,1.7789862616e-07,14,6.8600000000e+02,
C12H26,kLoose,1.0000000000e-06,4.5000000000e-01,7,1.6052098740e-06,1.7789862568e-07,14,8.9600000000e+02,
C12H26,kLoose,1.0000000000e-06,4.5000000000e-01,8,1.6052098843e-06,1.7789862567e-07,14,1.1340000000e+03,
C12H26,kLoose,1.0000000000e-06,3.5000000000e-01,0,1.6011576666e-06,1.7793330871e-07,0,0.0000000000e+00,FAR-DEAD
C12H26,kLoose,1.0000000000e-06,3.5000000000e-01,1,1.6011576666e-06,1.7793330871e-07,0,0.0000000000e+00,FAR-DEAD
C12H26,kLoose,1.0000000000e-06,3.5000000000e-01,2,1.6011576666e-06,1.7793330871e-07,0,0.0000000000e+00,FAR-DEAD
C12H26,kLoose,1.0000000000e-06,3.5000000000e-01,3,1.6011576666e-06,1.7793330871e-07,0,0.0000000000e+00,FAR-DEAD
C12H26,kLoose,1.0000000000e-06,3.5000000000e-01,4,1.6011576666e-06,1.7793330871e-07,0,0.0000000000e+00,FAR-DEAD
C12H26,kLoose,1.0000000000e-06,3.5000000000e-01,5,1.6011576666e-06,1.7793330871e-07,0,0.0000000000e+00,FAR-DEAD
C12H26,kLoose,1.0000000000e-06,3.5000000000e-01,6,1.6011576666e-06,1.7793330871e-07,0,0.0000000000e+00,FAR-DEAD
C12H26,kLoose,1.0000000000e-06,3.5000000000e-01,7,1.6011576666e-06,1.7793330871e-07,0,0.0000000000e+00,FAR-DEAD
C12H26,kLoose,1.0000000000e-06,3.5000000000e-01,8,1.6011576666e-06,1.7793330871e-07,0,0.0000000000e+00,FAR-DEAD
C12H26,kLoose,1.0000000000e-06,3.0000000000e-01,0,1.6011576666e-06,1.7793330871e-07,0,0.0000000000e+00,FAR-DEAD
C12H26,kLoose,1.0000000000e-06,3.0000000000e-01,1,1.6011576666e-06,1.7793330871e-07,0,0.0000000000e+00,FAR-DEAD
C12H26,kLoose,1.0000000000e-06,3.0000000000e-01,2,1.6011576666e-06,1.7793330871e-07,0,0.0000000000e+00,FAR-DEAD
C12H26,kLoose,1.0000000000e-06,3.0000000000e-01,3,1.6011576666e-06,1.7793330871e-07,0,0.0000000000e+00,FAR-DEAD
C12H26,kLoose,1.0000000000e-06,3.0000000000e-01,4,1.6011576666e-06,1.7793330871e-07,0,0.0000000000e+00,FAR-DEAD
C12H26,kLoose,1.0000000000e-06,3.0000000000e-01,5,1.6011576666e-06,1.7793330871e-07,0,0.0000000000e+00,FAR-DEAD
C12H26,kLoose,1.0000000000e-06,3.0000000000e-01,6,1.6011576666e-06,1.7793330871e-07,0,0.0000000000e+00,FAR-DEAD
C12H26,kLoose,1.0000000000e-06,3.0000000000e-01,7,1.6011576666e-06,1.7793330871e-07,0,0.0000000000e+00,FAR-DEAD
C12H26,kLoose,1.0000000000e-06,3.0000000000e-01,8,1.6011576666e-06,1.7793330871e-07,0,0.0000000000e+00,FAR-DEAD
C12H26,kNormal,1.0000000000e-08,1.0500000000e+00,0,2.0172402459e-01,2.3517337453e-02,1246,1.2460000000e+03,
C12H26,kNormal,1.0000000000e-08,1.0500000000e+00,1,3.4199770356e-01,4.7308294878e-03,1246,4.9840000000e+03,
C12H26,kNormal,1.0000000000e-08,1.0500000000e+00,2,2.1219987034e-02,6.0420466651e-04,1246,1.1214000000e+04,
C12H26,kNormal,1.0000000000e-08,1.0500000000e+00,3,6.9920739734e-03,1.2991648994e-04,1246,1.9936000000e+04,
C12H26,kNormal,1.0000000000e-08,1.0500000000e+00,4,1.0187632318e-03,2.7224414509e-05,1246,3.1150000000e+04,
C12H26,kNormal,1.0000000000e-08,1.0500000000e+00,5,2.3601283015e-04,6.3172536462e-06,1246,4.4856000000e+04,
C12H26,kNormal,1.0000000000e-08,1.0500000000e+00,6,4.4727043320e-05,1.4971593542e-06,1246,6.1054000000e+04,
C12H26,kNormal,1.0000000000e-08,1.0500000000e+00,7,9.2985960994e-06,3.6500293254e-07,1246,7.9744000000e+04,
C12H26,kNormal,1.0000000000e-08,1.0500000000e+00,8,1.6511281182e-06,9.1517906464e-08,1246,1.0092600000e+05,
C12H26,kNormal,1.0000000000e-08,8.5000000000e-01,0,1.4684522192e-02,1.1108235573e-02,886,8.8600000000e+02,
C12H26,kNormal,1.0000000000e-08,8.5000000000e-01,1,1.2946065326e-01,1.8687888116e-03,886,3.5440000000e+03,
C12H26,kNormal,1.0000000000e-08,8.5000000000e-01,2,4.5051600697e-03,1.6365134385e-04,886,7.9740000000e+03,
C12H26,kNormal,1.0000000000e-08,8.5000000000e-01,3,1.5618980718e-03,2.7590449141e-05,886,1.4176000000e+04,
C12H26,kNormal,1.0000000000e-08,8.5000000000e-01,4,1.1919730391e-04,3.8377451112e-06,886,2.2150000000e+04,
C12H26,kNormal,1.0000000000e-08,8.5000000000e-01,5,2.6983279796e-05,6.6573539417e-07,886,3.1896000000e+04,
C12H26,kNormal,1.0000000000e-08,8.5000000000e-01,6,2.9889663781e-06,1.1101928645e-07,886,4.3414000000e+04,
C12H26,kNormal,1.0000000000e-08,8.5000000000e-01,7,5.5118406328e-07,1.9652154181e-08,886,5.6704000000e+04,
C12H26,kNormal,1.0000000000e-08,8.5000000000e-01,8,6.4832895640e-08,3.4987699525e-09,886,7.1766000000e+04,
C12H26,kNormal,1.0000000000e-08,7.0000000000e-01,0,8.4428637445e-02,4.0760870774e-03,490,4.9000000000e+02,
C12H26,kNormal,1.0000000000e-08,7.0000000000e-01,1,1.6424506115e-02,3.1546744976e-04,490,1.9600000000e+03,
C12H26,kNormal,1.0000000000e-08,7.0000000000e-01,2,5.1906098965e-04,1.8798421777e-05,490,4.4100000000e+03,
C12H26,kNormal,1.0000000000e-08,7.0000000000e-01,3,6.5785412304e-05,1.8789375338e-06,490,7.8400000000e+03,
C12H26,kNormal,1.0000000000e-08,7.0000000000e-01,4,2.9784559896e-06,1.5291691455e-07,490,1.2250000000e+04,
C12H26,kNormal,1.0000000000e-08,7.0000000000e-01,5,3.1166057335e-07,1.9062389828e-08,490,1.7640000000e+04,
C12H26,kNormal,1.0000000000e-08,7.0000000000e-01,6,1.0119137909e-08,2.0729170461e-09,490,2.4010000000e+04,
C12H26,kNormal,1.0000000000e-08,7.0000000000e-01,7,1.0961748777e-09,3.1231279932e-10,490,3.1360000000e+04,
C12H26,kNormal,1.0000000000e-08,7.0000000000e-01,8,1.8129274988e-10,1.4689617686e-10,490,3.9690000000e+04,
C12H26,kNormal,1.0000000000e-08,5.5000000000e-01,0,9.2979292832e-03,5.9460261826e-04,46,4.6000000000e+01,
C12H26,kNormal,1.0000000000e-08,5.5000000000e-01,1,1.6069788791e-04,2.1461915920e-05,46,1.8400000000e+02,
C12H26,kNormal,1.0000000000e-08,5.5000000000e-01,2,1.4324068103e-06,1.4319215586e-07,46,4.1400000000e+02,
C12H26,kNormal,1.0000000000e-08,5.5000000000e-01,3,6.9883951163e-09,5.5178932185e-09,46,7.3600000000e+02,
C12H26,kNormal,1.0000000000e-08,5.5000000000e-01,4,8.4379354334e-10,4.3325949628e-10,46,1.1500000000e+03,
C12H26,kNormal,1.0000000000e-08,5.5000000000e-01,5,4.2049799328e-11,4.1948553927e-11,46,1.6560000000e+03,
C12H26,kNormal,1.0000000000e-08,5.5000000000e-01,6,1.5075226475e-11,1.2999371006e-11,46,2.2540000000e+03,
C12H26,kNormal,1.0000000000e-08,5.5000000000e-01,7,1.2290462617e-12,1.2740568422e-11,46,2.9440000000e+03,
C12H26,kNormal,1.0000000000e-08,5.5000000000e-01,8,6.9066254958e-13,1.2737567620e-11,46,3.7260000000e+03,
C12H26,kNormal,1.0000000000e-08,4.5000000000e-01,0,0.0000000000e+00,0.0000000000e+00,0,0.0000000000e+00,FAR-DEAD
C12H26,kNormal,1.0000000000e-08,4.5000000000e-01,1,0.0000000000e+00,0.0000000000e+00,0,0.0000000000e+00,FAR-DEAD
C12H26,kNormal,1.0000000000e-08,4.5000000000e-01,2,0.0000000000e+00,0.0000000000e+00,0,0.0000000000e+00,FAR-DEAD
C12H26,kNormal,1.0000000000e-08,4.5000000000e-01,3,0.0000000000e+00,0.0000000000e+00,0,0.0000000000e+00,FAR-DEAD
C12H26,kNormal,1.0000000000e-08,4.5000000000e-01,4,0.0000000000e+00,0.0000000000e+00,0,0.0000000000e+00,FAR-DEAD
C12H26,kNormal,1.0000000000e-08,4.5000000000e-01,5,0.0000000000e+00,0.0000000000e+00,0,0.0000000000e+00,FAR-DEAD
C12H26,kNormal,1.0000000000e-08,4.5000000000e-01,6,0.0000000000e+00,0.0000000000e+00,0,0.0000000000e+00,FAR-DEAD
C12H26,kNormal,1.0000000000e-08,4.5000000000e-01,7,0.0000000000e+00,0.0000000000e+00,0,0.0000000000e+00,FAR-DEAD
C12H26,kNormal,1.0000000000e-08,4.5000000000e-01,8,0.0000000000e+00,0.0000000000e+00,0,0.0000000000e+00,FAR-DEAD
C12H26,kNormal,1.0000000000e-08,3.5000000000e-01,0,0.0000000000e+00,0.0000000000e+00,0,0.0000000000e+00,FAR-DEAD
C12H26,kNormal,1.0000000000e-08,3.5000000000e-01,1,0.0000000000e+00,0.0000000000e+00,0,0.0000000000e+00,FAR-DEAD
C12H26,kNormal,1.0000000000e-08,3.5000000000e-01,2,0.0000000000e+00,0.0000000000e+00,0,0.0000000000e+00,FAR-DEAD
C12H26,kNormal,1.0000000000e-08,3.5000000000e-01,3,0.0000000000e+00,0.0000000000e+00,0,0.0000000000e+00,FAR-DEAD
C12H26,kNormal,1.0000000000e-08,3.5000000000e-01,4,0.0000000000e+00,0.0000000000e+00,0,0.0000000000e+00,FAR-DEAD
C12H26,kNormal,1.0000000000e-08,3.5000000000e-01,5,0.0000000000e+00,0.0000000000e+00,0,0.0000000000e+00,FAR-DEAD
C12H26,kNormal,1.0000000000e-08,3.5000000000e-01,6,0.0000000000e+00,0.0000000000e+00,0,0.0000000000e+00,FAR-DEAD
C12H26,kNormal,1.0000000000e-08,3.5000000000e-01,7,0.0000000000e+00,0.0000000000e+00,0,0.0000000000e+00,FAR-DEAD
C12H26,kNormal,1.0000000000e-08,3.5000000000e-01,8,0.0000000000e+00,0.0000000000e+00,0,0.0000000000e+00,FAR-DEAD
C12H26,kNormal,1.0000000000e-08,3.0000000000e-01,0,0.0000000000e+00,0.0000000000e+00,0,0.0000000000e+00,FAR-DEAD
C12H26,kNormal,1.0000000000e-08,3.0000000000e-01,1,0.0000000000e+00,0.0000000000e+00,0,0.0000000000e+00,FAR-DEAD
C12H26,kNormal,1.0000000000e-08,3.0000000000e-01,2,0.0000000000e+00,0.0000000000e+00,0,0.0000000000e+00,FAR-DEAD
C12H26,kNormal,1.0000000000e-08,3.0000000000e-01,3,0.0000000000e+00,0.0000000000e+00,0,0.0000000000e+00,FAR-DEAD
C12H26,kNormal,1.0000000000e-08,3.0000000000e-01,4,0.0000000000e+00,0.0000000000e+00,0,0.0000000000e+00,FAR-DEAD
C12H26,kNormal,1.0000000000e-08,3.0000000000e-01,5,0.0000000000e+00,0.0000000000e+00,0,0.0000000000e+00,FAR-DEAD
C12H26,kNormal,1.0000000000e-08,3.0000000000e-01,6,0.0000000000e+00,0.0000000000e+00,0,0.0000000000e+00,FAR-DEAD
C12H26,kNormal,1.0000000000e-08,3.0000000000e-01,7,0.0000000000e+00,0.0000000000e+00,0,0.0000000000e+00,FAR-DEAD
C12H26,kNormal,1.0000000000e-08,3.0000000000e-01,8,0.0000000000e+00,0.0000000000e+00,0,0.0000000000e+00,FAR-DEAD
C12H26,kTight,1.0000000000e-10,1.0500000000e+00,0,7.0870456979e-02,1.6174349191e-02,1263,1.2630000000e+03,
C12H26,kTight,1.0000000000e-10,1.0500000000e+00,1,1.7520265026e-01,2.7082826289e-03,1263,5.0520000000e+03,
C12H26,kTight,1.0000000000e-10,1.0500000000e+00,2,6.9668844007e-03,2.4215255841e-04,1263,1.1367000000e+04,
C12H26,kTight,1.0000000000e-10,1.0500000000e+00,3,2.2770129590e-03,4.0576741285e-05,1263,2.0208000000e+04,
C12H26,kTight,1.0000000000e-10,1.0500000000e+00,4,2.0262807818e-04,5.7488146174e-06,1263,3.1575000000e+04,
C12H26,kTight,1.0000000000e-10,1.0500000000e+00,5,4.3032672948e-05,9.9653497529e-07,1263,4.5468000000e+04,
C12H26,kTight,1.0000000000e-10,1.0500000000e+00,6,6.1756174569e-06,1.7808256657e-07,1263,6.1887000000e+04,
C12H26,kTight,1.0000000000e-10,1.0500000000e+00,7,1.2303997554e-06,3.2824498455e-08,1263,8.0832000000e+04,
C12H26,kTight,1.0000000000e-10,1.0500000000e+00,8,2.1651596839e-07,6.5228017335e-09,1263,1.0230300000e+05,
C12H26,kTight,1.0000000000e-10,8.5000000000e-01,0,1.0633155351e-01,5.8902008519e-03,838,8.3800000000e+02,
C12H26,kTight,1.0000000000e-10,8.5000000000e-01,1,3.8015213238e-02,7.1105587264e-04,838,3.3520000000e+03,
C12H26,kTight,1.0000000000e-10,8.5000000000e-01,2,9.9389944845e-04,4.1479722306e-05,838,7.5420000000e+03,
C12H26,kTight,1.0000000000e-10,8.5000000000e-01,3,2.5047962847e-04,5.7679586249e-06,838,1.3408000000e+04,
C12H26,kTight,1.0000000000e-10,8.5000000000e-01,4,8.4619809056e-06,4.6266641385e-07,838,2.0950000000e+04,
C12H26,kTight,1.0000000000e-10,8.5000000000e-01,5,2.2675386181e-06,6.6218842524e-08,838,3.0168000000e+04,
C12H26,kTight,1.0000000000e-10,8.5000000000e-01,6,9.4335473176e-08,6.6663092711e-09,838,4.1062000000e+04,
C12H26,kTight,1.0000000000e-10,8.5000000000e-01,7,2.0634120170e-08,1.9175115867e-09,838,5.3632000000e+04,
C12H26,kTight,1.0000000000e-10,8.5000000000e-01,8,4.5391793193e-09,1.7037303143e-09,838,6.7878000000e+04,
C12H26,kTight,1.0000000000e-10,7.0000000000e-01,0,5.5074586569e-02,2.1808424199e-03,282,2.8200000000e+02,
C12H26,kTight,1.0000000000e-10,7.0000000000e-01,1,4.0626806427e-03,1.1369200544e-04,282,1.1280000000e+03,
C12H26,kTight,1.0000000000e-10,7.0000000000e-01,2,1.4472812844e-04,5.5375257708e-06,282,2.5380000000e+03,
C12H26,kTight,1.0000000000e-10,7.0000000000e-01,3,7.8787846278e-06,3.6188319237e-07,282,4.5120000000e+03,
C12H26,kTight,1.0000000000e-10,7.0000000000e-01,4,4.1619795676e-07,2.4575034237e-08,282,7.0500000000e+03,
C12H26,kTight,1.0000000000e-10,7.0000000000e-01,5,1.8037344592e-08,2.4008214864e-09,282,1.0152000000e+04,
C12H26,kTight,1.0000000000e-10,7.0000000000e-01,6,3.6223265128e-09,1.7034673169e-09,282,1.3818000000e+04,
C12H26,kTight,1.0000000000e-10,7.0000000000e-01,7,3.1891993533e-09,1.7015059321e-09,282,1.8048000000e+04,
C12H26,kTight,1.0000000000e-10,7.0000000000e-01,8,3.3152445127e-09,1.7017248468e-09,282,2.2842000000e+04,
C12H26,kTight,1.0000000000e-10,5.5000000000e-01,0,3.3338633737e-09,1.7017756401e-09,0,0.0000000000e+00,FAR-DEAD
C12H26,kTight,1.0000000000e-10,5.5000000000e-01,1,3.3338633737e-09,1.7017756401e-09,0,0.0000000000e+00,FAR-DEAD
C12H26,kTight,1.0000000000e-10,5.5000000000e-01,2,3.3338633737e-09,1.7017756401e-09,0,0.0000000000e+00,FAR-DEAD
C12H26,kTight,1.0000000000e-10,5.5000000000e-01,3,3.3338633737e-09,1.7017756401e-09,0,0.0000000000e+00,FAR-DEAD
C12H26,kTight,1.0000000000e-10,5.5000000000e-01,4,3.3338633737e-09,1.7017756401e-09,0,0.0000000000e+00,FAR-DEAD
C12H26,kTight,1.0000000000e-10,5.5000000000e-01,5,3.3338633737e-09,1.7017756401e-09,0,0.0000000000e+00,FAR-DEAD
C12H26,kTight,1.0000000000e-10,5.5000000000e-01,6,3.3338633737e-09,1.7017756401e-09,0,0.0000000000e+00,FAR-DEAD
C12H26,kTight,1.0000000000e-10,5.5000000000e-01,7,3.3338633737e-09,1.7017756401e-09,0,0.0000000000e+00,FAR-DEAD
C12H26,kTight,1.0000000000e-10,5.5000000000e-01,8,3.3338633737e-09,1.7017756401e-09,0,0.0000000000e+00,FAR-DEAD
C12H26,kTight,1.0000000000e-10,4.5000000000e-01,0,3.3338633737e-09,1.7017756401e-09,0,0.0000000000e+00,FAR-DEAD
C12H26,kTight,1.0000000000e-10,4.5000000000e-01,1,3.3338633737e-09,1.7017756401e-09,0,0.0000000000e+00,FAR-DEAD
C12H26,kTight,1.0000000000e-10,4.5000000000e-01,2,3.3338633737e-09,1.7017756401e-09,0,0.0000000000e+00,FAR-DEAD
C12H26,kTight,1.0000000000e-10,4.5000000000e-01,3,3.3338633737e-09,1.7017756401e-09,0,0.0000000000e+00,FAR-DEAD
C12H26,kTight,1.0000000000e-10,4.5000000000e-01,4,3.3338633737e-09,1.7017756401e-09,0,0.0000000000e+00,FAR-DEAD
C12H26,kTight,1.0000000000e-10,4.5000000000e-01,5,3.3338633737e-09,1.7017756401e-09,0,0.0000000000e+00,FAR-DEAD
C12H26,kTight,1.0000000000e-10,4.5000000000e-01,6,3.3338633737e-09,1.7017756401e-09,0,0.0000000000e+00,FAR-DEAD
C12H26,kTight,1.0000000000e-10,4.5000000000e-01,7,3.3338633737e-09,1.7017756401e-09,0,0.0000000000e+00,FAR-DEAD
C12H26,kTight,1.0000000000e-10,4.5000000000e-01,8,3.3338633737e-09,1.7017756401e-09,0,0.0000000000e+00,FAR-DEAD
C12H26,kTight,1.0000000000e-10,3.5000000000e-01,0,3.3338633737e-09,1.7017756401e-09,0,0.0000000000e+00,FAR-DEAD
C12H26,kTight,1.0000000000e-10,3.5000000000e-01,1,3.3338633737e-09,1.7017756401e-09,0,0.0000000000e+00,FAR-DEAD
C12H26,kTight,1.0000000000e-10,3.5000000000e-01,2,3.3338633737e-09,1.7017756401e-09,0,0.0000000000e+00,FAR-DEAD
C12H26,kTight,1.0000000000e-10,3.5000000000e-01,3,3.3338633737e-09,1.7017756401e-09,0,0.0000000000e+00,FAR-DEAD
C12H26,kTight,1.0000000000e-10,3.5000000000e-01,4,3.3338633737e-09,1.7017756401e-09,0,0.0000000000e+00,FAR-DEAD
C12H26,kTight,1.0000000000e-10,3.5000000000e-01,5,3.3338633737e-09,1.7017756401e-09,0,0.0000000000e+00,FAR-DEAD
C12H26,kTight,1.0000000000e-10,3.5000000000e-01,6,3.3338633737e-09,1.7017756401e-09,0,0.0000000000e+00,FAR-DEAD
C12H26,kTight,1.0000000000e-10,3.5000000000e-01,7,3.3338633737e-09,1.7017756401e-09,0,0.0000000000e+00,FAR-DEAD
C12H26,kTight,1.0000000000e-10,3.5000000000e-01,8,3.3338633737e-09,1.7017756401e-09,0,0.0000000000e+00,FAR-DEAD
C12H26,kTight,1.0000000000e-10,3.0000000000e-01,0,3.3338633737e-09,1.7017756401e-09,0,0.0000000000e+00,FAR-DEAD
C12H26,kTight,1.0000000000e-10,3.0000000000e-01,1,3.3338633737e-09,1.7017756401e-09,0,0.0000000000e+00,FAR-DEAD
C12H26,kTight,1.0000000000e-10,3.0000000000e-01,2,3.3338633737e-09,1.7017756401e-09,0,0.0000000000e+00,FAR-DEAD
C12H26,kTight,1.0000000000e-10,3.0000000000e-01,3,3.3338633737e-09,1.7017756401e-09,0,0.0000000000e+00,FAR-DEAD
C12H26,kTight,1.0000000000e-10,3.0000000000e-01,4,3.3338633737e-09,1.7017756401e-09,0,0.0000000000e+00,FAR-DEAD
C12H26,kTight,1.0000000000e-10,3.0000000000e-01,5,3.3338633737e-09,1.7017756401e-09,0,0.0000000000e+00,FAR-DEAD
C12H26,kTight,1.0000000000e-10,3.0000000000e-01,6,3.3338633737e-09,1.7017756401e-09,0,0.0000000000e+00,FAR-DEAD
C12H26,kTight,1.0000000000e-10,3.0000000000e-01,7,3.3338633737e-09,1.7017756401e-09,0,0.0000000000e+00,FAR-DEAD
C12H26,kTight,1.0000000000e-10,3.0000000000e-01,8,3.3338633737e-09,1.7017756401e-09,0,0.0000000000e+00,FAR-DEAD
C24H50,kLoose,1.0000000000e-06,1.0500000000e+00,0,8.0319307889e+00,4.7855213549e-02,4743,4.7430000000e+03,
C24H50,kLoose,1.0000000000e-06,1.0500000000e+00,1,1.6334899218e+00,9.4356254834e-03,4743,1.8972000000e+04,
C24H50,kLoose,1.0000000000e-06,1.0500000000e+00,2,4.5426258376e-01,2.8991036260e-03,4743,4.2687000000e+04,
C24H50,kLoose,1.0000000000e-06,1.0500000000e+00,3,1.1187514565e-01,7.2592293766e-04,4743,7.5888000000e+04,
C24H50,kLoose,1.0000000000e-06,1.0500000000e+00,4,3.9148986842e-02,2.8025484042e-04,4743,1.1857500000e+05,
C24H50,kLoose,1.0000000000e-06,1.0500000000e+00,5,1.0953490346e-02,8.3602076228e-05,4743,1.7074800000e+05,
C24H50,kLoose,1.0000000000e-06,1.0500000000e+00,6,4.4811975183e-03,3.7733519876e-05,4743,2.3240700000e+05,
C24H50,kLoose,1.0000000000e-06,1.0500000000e+00,7,1.3795364138e-03,1.3561571861e-05,4743,3.0355200000e+05,
C24H50,kLoose,1.0000000000e-06,1.0500000000e+00,8,6.4898126042e-04,6.7072613760e-06,4743,3.8418300000e+05,
C24H50,kLoose,1.0000000000e-06,8.5000000000e-01,0,4.2709974762e+00,2.8199620087e-02,4085,4.0850000000e+03,
C24H50,kLoose,1.0000000000e-06,8.5000000000e-01,1,7.7389358306e-01,4.9507105395e-03,4085,1.6340000000e+04,
C24H50,kLoose,1.0000000000e-06,8.5000000000e-01,2,1.6091670505e-01,1.1403926266e-03,4085,3.6765000000e+04,
C24H50,kLoose,1.0000000000e-06,8.5000000000e-01,3,3.7724899981e-02,2.9366302267e-04,4085,6.5360000000e+04,
C24H50,kLoose,1.0000000000e-06,8.5000000000e-01,4,1.0558682639e-02,9.4632783061e-05,4085,1.0212500000e+05,
C24H50,kLoose,1.0000000000e-06,8.5000000000e-01,5,3.2346873062e-03,3.4485317284e-05,4085,1.4706000000e+05,
C24H50,kLoose,1.0000000000e-06,8.5000000000e-01,6,1.1407710970e-03,1.4215897437e-05,4085,2.0016500000e+05,
C24H50,kLoose,1.0000000000e-06,8.5000000000e-01,7,4.2716127719e-04,6.2372565720e-06,4085,2.6144000000e+05,
C24H50,kLoose,1.0000000000e-06,8.5000000000e-01,8,1.8369854674e-04,2.8751819836e-06,4085,3.3088500000e+05,
C24H50,kLoose,1.0000000000e-06,7.0000000000e-01,0,2.1879742753e+00,1.5970583555e-02,3459,3.4590000000e+03,
C24H50,kLoose,1.0000000000e-06,7.0000000000e-01,1,3.3303715339e-01,2.2666238033e-03,3459,1.3836000000e+04,
C24H50,kLoose,1.0000000000e-06,7.0000000000e-01,2,5.0600205652e-02,4.0710519097e-04,3459,3.1131000000e+04,
C24H50,kLoose,1.0000000000e-06,7.0000000000e-01,3,1.0146267458e-02,9.5476986975e-05,3459,5.5344000000e+04,
C24H50,kLoose,1.0000000000e-06,7.0000000000e-01,4,2.3895188537e-03,2.7108672729e-05,3459,8.6475000000e+04,
C24H50,kLoose,1.0000000000e-06,7.0000000000e-01,5,6.4248987912e-04,8.4955539868e-06,3459,1.2452400000e+05,
C24H50,kLoose,1.0000000000e-06,7.0000000000e-01,6,1.9818675412e-04,2.8219823378e-06,3459,1.6949100000e+05,
C24H50,kLoose,1.0000000000e-06,7.0000000000e-01,7,5.7099740973e-05,9.7301646809e-07,3459,2.2137600000e+05,
C24H50,kLoose,1.0000000000e-06,7.0000000000e-01,8,2.4975151691e-05,4.1034234160e-07,3459,2.8017900000e+05,
C24H50,kLoose,1.0000000000e-06,5.5000000000e-01,0,1.0181961145e+00,8.3352839633e-03,2571,2.5710000000e+03,
C24H50,kLoose,1.0000000000e-06,5.5000000000e-01,1,1.4328554480e-01,1.0056000813e-03,2571,1.0284000000e+04,
C24H50,kLoose,1.0000000000e-06,5.5000000000e-01,2,1.6086764927e-02,1.2654716739e-04,2571,2.3139000000e+04,
C24H50,kLoose,1.0000000000e-06,5.5000000000e-01,3,2.4219506490e-03,2.0167506318e-05,2571,4.1136000000e+04,
C24H50,kLoose,1.0000000000e-06,5.5000000000e-01,4,3.9889238245e-04,3.6592484755e-06,2571,6.4275000000e+04,
C24H50,kLoose,1.0000000000e-06,5.5000000000e-01,5,6.6240526519e-05,7.5717321464e-07,2571,9.2556000000e+04,
C24H50,kLoose,1.0000000000e-06,5.5000000000e-01,6,1.8381195139e-05,2.9709639425e-07,2571,1.2597900000e+05,
C24H50,kLoose,1.0000000000e-06,5.5000000000e-01,7,2.0129811161e-06,2.5053915570e-07,2571,1.6454400000e+05,
C24H50,kLoose,1.0000000000e-06,5.5000000000e-01,8,5.3299169276e-06,2.4959418781e-07,2571,2.0825100000e+05,
C24H50,kLoose,1.0000000000e-06,4.5000000000e-01,0,4.3019161092e-01,4.6673988857e-03,1997,1.9970000000e+03,
C24H50,kLoose,1.0000000000e-06,4.5000000000e-01,1,5.6391801230e-02,4.3946050157e-04,1997,7.9880000000e+03,
C24H50,kLoose,1.0000000000e-06,4.5000000000e-01,2,3.6960301466e-03,3.5338589153e-05,1997,1.7973000000e+04,
C24H50,kLoose,1.0000000000e-06,4.5000000000e-01,3,4.0634928134e-04,3.8357320706e-06,1997,3.1952000000e+04,
C24H50,kLoose,1.0000000000e-06,4.5000000000e-01,4,4.5352808857e-05,4.9982278110e-07,1997,4.9925000000e+04,
C24H50,kLoose,1.0000000000e-06,4.5000000000e-01,5,3.8398124502e-07,2.5744232024e-07,1997,7.1892000000e+04,
C24H50,kLoose,1.0000000000e-06,4.5000000000e-01,6,5.5157505616e-06,2.5430151964e-07,1997,9.7853000000e+04,
C24H50,kLoose,1.0000000000e-06,4.5000000000e-01,7,4.9185017348e-06,2.5400648200e-07,1997,1.2780800000e+05,
C24H50,kLoose,1.0000000000e-06,4.5000000000e-01,8,4.9920991965e-06,2.5403093587e-07,1997,1.6175700000e+05,
C24H50,kLoose,1.0000000000e-06,3.5000000000e-01,0,1.0141434925e-01,1.8439571982e-03,1338,1.3380000000e+03,
C24H50,kLoose,1.0000000000e-06,3.5000000000e-01,1,2.0285671619e-02,1.5707300498e-04,1338,5.3520000000e+03,
C24H50,kLoose,1.0000000000e-06,3.5000000000e-01,2,6.7034732100e-04,7.3892259472e-06,1338,1.2042000000e+04,
C24H50,kLoose,1.0000000000e-06,3.5000000000e-01,3,6.7533062940e-05,6.8612495598e-07,1338,2.1408000000e+04,
C24H50,kLoose,1.0000000000e-06,3.5000000000e-01,4,9.9776324818e-06,2.6440824004e-07,1338,3.3450000000e+04,
C24H50,kLoose,1.0000000000e-06,3.5000000000e-01,5,5.2908506210e-06,2.5871055912e-07,1338,4.8168000000e+04,
C24H50,kLoose,1.0000000000e-06,3.5000000000e-01,6,5.7221030135e-06,2.5876725699e-07,1338,6.5562000000e+04,
C24H50,kLoose,1.0000000000e-06,3.5000000000e-01,7,5.6874170179e-06,2.5875996525e-07,1338,8.5632000000e+04,
C24H50,kLoose,1.0000000000e-06,3.5000000000e-01,8,5.6906412785e-06,2.5876056283e-07,1338,1.0837800000e+05,
C24H50,kLoose,1.0000000000e-06,3.0000000000e-01,0,6.6408092571e-02,1.0639030137e-03,926,9.2600000000e+02,
C24H50,kLoose,1.0000000000e-06,3.0000000000e-01,1,5.9592000549e-03,5.1165029563e-05,926,3.7040000000e+03,
C24H50,kLoose,1.0000000000e-06,3.0000000000e-01,2,1.1388027147e-04,1.6823291810e-06,926,8.3340000000e+03,
C24H50,kLoose,1.0000000000e-06,3.0000000000e-01,3,4.2118714583e-06,2.7820765240e-07,926,1.4816000000e+04,
C24H50,kLoose,1.0000000000e-06,3.0000000000e-01,4,6.7934792386e-06,2.6093085920e-07,926,2.3150000000e+04,
C24H50,kLoose,1.0000000000e-06,3.0000000000e-01,5,6.4691770079e-06,2.6082452693e-07,926,3.3336000000e+04,
C24H50,kLoose,1.0000000000e-06,3.0000000000e-01,6,6.4954347066e-06,2.6082834073e-07,926,4.5374000000e+04,
C24H50,kLoose,1.0000000000e-06,3.0000000000e-01,7,6.4944130085e-06,2.6082817385e-07,926,5.9264000000e+04,
C24H50,kLoose,1.0000000000e-06,3.0000000000e-01,8,6.4944854620e-06,2.6082818356e-07,926,7.5006000000e+04,
C24H50,kNormal,1.0000000000e-08,1.0500000000e+00,0,6.5806117972e+00,3.9654592718e-02,4915,4.9150000000e+03,
C24H50,kNormal,1.0000000000e-08,1.0500000000e+00,1,1.3054773592e+00,7.4888645787e-03,4915,1.9660000000e+04,
C24H50,kNormal,1.0000000000e-08,1.0500000000e+00,2,3.2447429172e-01,2.0077299578e-03,4915,4.4235000000e+04,
C24H50,kNormal,1.0000000000e-08,1.0500000000e+00,3,7.9485714168e-02,5.0416055887e-04,4915,7.8640000000e+04,
C24H50,kNormal,1.0000000000e-08,1.0500000000e+00,4,2.4997414715e-02,1.7197770102e-04,4915,1.2287500000e+05,
C24H50,kNormal,1.0000000000e-08,1.0500000000e+00,5,7.2118511995e-03,5.4063130953e-05,4915,1.7694000000e+05,
C24H50,kNormal,1.0000000000e-08,1.0500000000e+00,6,2.6286149439e-03,2.1610197114e-05,4915,2.4083500000e+05,
C24H50,kNormal,1.0000000000e-08,1.0500000000e+00,7,8.6074716481e-04,8.0906665948e-06,4915,3.1456000000e+05,
C24H50,kNormal,1.0000000000e-08,1.0500000000e+00,8,3.4977533336e-04,3.5374090645e-06,4915,3.9811500000e+05,
C24H50,kNormal,1.0000000000e-08,8.5000000000e-01,0,3.8509057095e+00,2.4376841580e-02,4174,4.1740000000e+03,
C24H50,kNormal,1.0000000000e-08,8.5000000000e-01,1,6.4835721980e-01,3.9481970529e-03,4174,1.6696000000e+04,
C24H50,kNormal,1.0000000000e-08,8.5000000000e-01,2,1.2618525389e-01,8.4633411069e-04,4174,3.7566000000e+04,
C24H50,kNormal,1.0000000000e-08,8.5000000000e-01,3,2.8406076505e-02,2.1436994135e-04,4174,6.6784000000e+04,
C24H50,kNormal,1.0000000000e-08,8.5000000000e-01,4,7.6246840429e-03,6.9797488302e-05,4174,1.0435000000e+05,
C24H50,kNormal,1.0000000000e-08,8.5000000000e-01,5,2.2886784710e-03,2.5936101966e-05,4174,1.5026400000e+05,
C24H50,kNormal,1.0000000000e-08,8.5000000000e-01,6,7.9286364741e-04,1.0709381815e-05,4174,2.0452600000e+05,
C24H50,kNormal,1.0000000000e-08,8.5000000000e-01,7,3.0005493976e-04,4.6278859664e-06,4174,2.6713600000e+05,
C24H50,kNormal,1.0000000000e-08,8.5000000000e-01,8,1.2293679374e-04,2.0659952439e-06,4174,3.3809400000e+05,
C24H50,kNormal,1.0000000000e-08,7.0000000000e-01,0,2.0109702116e+00,1.4487740217e-02,3046,3.0460000000e+03,
C24H50,kNormal,1.0000000000e-08,7.0000000000e-01,1,2.8973117801e-01,1.9294001640e-03,3046,1.2184000000e+04,
C24H50,kNormal,1.0000000000e-08,7.0000000000e-01,2,4.0893363367e-02,3.0628979956e-04,3046,2.7414000000e+04,
C24H50,kNormal,1.0000000000e-08,7.0000000000e-01,3,7.5447399889e-03,6.0879949306e-05,3046,4.8736000000e+04,
C24H50,kNormal,1.0000000000e-08,7.0000000000e-01,4,1.5410663141e-03,1.4086286431e-05,3046,7.6150000000e+04,
C24H50,kNormal,1.0000000000e-08,7.0000000000e-01,5,3.5351408358e-04,3.6386534964e-06,3046,1.0965600000e+05,
C24H50,kNormal,1.0000000000e-08,7.0000000000e-01,6,8.7657336946e-05,1.0101172992e-06,3046,1.4925400000e+05,
C24H50,kNormal,1.0000000000e-08,7.0000000000e-01,7,2.3137506483e-05,2.9318504978e-07,3046,1.9494400000e+05,
C24H50,kNormal,1.0000000000e-08,7.0000000000e-01,8,6.3791714241e-06,8.7611355077e-08,3046,2.4672600000e+05,
C24H50,kNormal,1.0000000000e-08,5.5000000000e-01,0,7.9796423999e-01,6.8935406127e-03,2311,2.3110000000e+03,
C24H50,kNormal,1.0000000000e-08,5.5000000000e-01,1,1.0065118219e-01,7.2863912768e-04,2311,9.2440000000e+03,
C24H50,kNormal,1.0000000000e-08,5.5000000000e-01,2,9.2303640709e-03,7.5940068966e-05,2311,2.0799000000e+04,
C24H50,kNormal,1.0000000000e-08,5.5000000000e-01,3,1.2237577953e-03,1.0541764436e-05,2311,3.6976000000e+04,
C24H50,kNormal,1.0000000000e-08,5.5000000000e-01,4,1.6838918840e-04,1.6412625998e-06,2311,5.7775000000e+04,
C24H50,kNormal,1.0000000000e-08,5.5000000000e-01,5,2.6676220179e-05,2.8571977014e-07,2311,8.3196000000e+04,
C24H50,kNormal,1.0000000000e-08,5.5000000000e-01,6,4.5028002078e-06,5.2757061559e-08,2311,1.1323900000e+05,
C24H50,kNormal,1.0000000000e-08,5.5000000000e-01,7,8.1801219104e-07,1.0056929781e-08,2311,1.4790400000e+05,
C24H50,kNormal,1.0000000000e-08,5.5000000000e-01,8,1.4086624231e-07,2.1061145781e-09,2311,1.8719100000e+05,
C24H50,kNormal,1.0000000000e-08,4.5000000000e-01,0,4.3801639738e-01,3.9194139480e-03,1722,1.7220000000e+03,
C24H50,kNormal,1.0000000000e-08,4.5000000000e-01,1,3.8814055260e-02,2.9401146151e-04,1722,6.8880000000e+03,
C24H50,kNormal,1.0000000000e-08,4.5000000000e-01,2,2.3607816458e-03,2.0328807131e-05,1722,1.5498000000e+04,
C24H50,kNormal,1.0000000000e-08,4.5000000000e-01,3,2.4768522036e-04,2.0558549877e-06,1722,2.7552000000e+04,
C24H50,kNormal,1.0000000000e-08,4.5000000000e-01,4,2.2843733578e-05,2.0823322174e-07,1722,4.3050000000e+04,
C24H50,kNormal,1.0000000000e-08,4.5000000000e-01,5,2.5532932104e-06,2.4272068353e-08,1722,6.1992000000e+04,
C24H50,kNormal,1.0000000000e-08,4.5000000000e-01,6,2.7709533481e-07,3.0616809984e-09,1722,8.4378000000e+04,
C24H50,kNormal,1.0000000000e-08,4.5000000000e-01,7,4.0688321699e-08,5.6777424682e-10,1722,1.1020800000e+05,
C24H50,kNormal,1.0000000000e-08,4.5000000000e-01,8,2.4939549542e-09,4.4058781674e-10,1722,1.3948200000e+05,
C24H50,kNormal,1.0000000000e-08,3.5000000000e-01,0,1.0824002949e-01,1.2827845882e-03,998,9.9800000000e+02,
C24H50,kNormal,1.0000000000e-08,3.5000000000e-01,1,5.4887379199e-03,5.3833244684e-05,998,3.9920000000e+03,
C24H50,kNormal,1.0000000000e-08,3.5000000000e-01,2,1.2016393249e-04,1.8542702293e-06,998,8.9820000000e+03,
C24H50,kNormal,1.0000000000e-08,3.5000000000e-01,3,9.8072278826e-06,1.0839901865e-07,998,1.5968000000e+04,
C24H50,kNormal,1.0000000000e-08,3.5000000000e-01,4,2.2380898691e-07,4.8750980370e-09,998,2.4950000000e+04,
C24H50,kNormal,1.0000000000e-08,3.5000000000e-01,5,2.5249845020e-08,3.8439068179e-10,998,3.5928000000e+04,
C24H50,kNormal,1.0000000000e-08,3.5000000000e-01,6,2.8370941947e-09,2.2979185402e-10,998,4.8902000000e+04,
C24H50,kNormal,1.0000000000e-08,3.5000000000e-01,7,3.5101027452e-09,2.2919180298e-10,998,6.3872000000e+04,
C24H50,kNormal,1.0000000000e-08,3.5000000000e-01,8,3.4523912207e-09,2.2918492077e-10,998,8.0838000000e+04,
C24H50,kNormal,1.0000000000e-08,3.0000000000e-01,0,4.3854028140e-02,5.3032375692e-04,499,4.9900000000e+02,
C24H50,kNormal,1.0000000000e-08,3.0000000000e-01,1,1.1231517374e-03,1.3427632687e-05,499,1.9960000000e+03,
C24H50,kNormal,1.0000000000e-08,3.0000000000e-01,2,2.7888289960e-05,3.9104416152e-07,499,4.4910000000e+03,
C24H50,kNormal,1.0000000000e-08,3.0000000000e-01,3,7.7084802815e-07,1.3027052141e-08,499,7.9840000000e+03,
C24H50,kNormal,1.0000000000e-08,3.0000000000e-01,4,1.9782535869e-08,4.4905114857e-10,499,1.2475000000e+04,
C24H50,kNormal,1.0000000000e-08,3.0000000000e-01,5,1.9279706519e-09,1.1226262397e-10,499,1.7964000000e+04,
C24H50,kNormal,1.0000000000e-08,3.0000000000e-01,6,1.2673717660e-09,1.1100206724e-10,499,2.4451000000e+04,
C24H50,kNormal,1.0000000000e-08,3.0000000000e-01,7,1.2856792599e-09,1.1100645638e-10,499,3.1936000000e+04,
C24H50,kNormal,1.0000000000e-08,3.0000000000e-01,8,1.2849505073e-09,1.1100633782e-10,499,4.0419000000e+04,
C24H50,kTight,1.0000000000e-10,1.0500000000e+00,0,5.1694034961e+00,3.3734017356e-02,5037,5.0370000000e+03,
C24H50,kTight,1.0000000000e-10,1.0500000000e+00,1,1.0979547583e+00,6.4481180639e-03,5037,2.0148000000e+04,
C24H50,kTight,1.0000000000e-10,1.0500000000e+00,2,2.3123033113e-01,1.5163963800e-03,5037,4.5333000000e+04,
C24H50,kTight,1.0000000000e-10,1.0500000000e+00,3,5.6664168526e-02,3.8926762711e-04,5037,8.0592000000e+04,
C24H50,kTight,1.0000000000e-10,1.0500000000e+00,4,1.6010137570e-02,1.2355334290e-04,5037,1.2592500000e+05,
C24H50,kTight,1.0000000000e-10,1.0500000000e+00,5,4.8517938368e-03,4.2470672705e-05,5037,1.8133200000e+05,
C24H50,kTight,1.0000000000e-10,1.0500000000e+00,6,1.6515517089e-03,1.6566086472e-05,5037,2.4681300000e+05,
C24H50,kTight,1.0000000000e-10,1.0500000000e+00,7,5.9813399082e-04,6.8053363409e-06,5037,3.2236800000e+05,
C24H50,kTight,1.0000000000e-10,1.0500000000e+00,8,2.3278326954e-04,2.9441846326e-06,5037,4.0799700000e+05,
C24H50,kTight,1.0000000000e-10,8.5000000000e-01,0,3.0997128271e+00,2.0534408017e-02,4101,4.1010000000e+03,
C24H50,kTight,1.0000000000e-10,8.5000000000e-01,1,5.1347624749e-01,3.2108031873e-03,4101,1.6404000000e+04,
C24H50,kTight,1.0000000000e-10,8.5000000000e-01,2,8.4216093975e-02,5.8160369050e-04,4101,3.6909000000e+04,
C24H50,kTight,1.0000000000e-10,8.5000000000e-01,3,1.7208122374e-02,1.2804318545e-04,4101,6.5616000000e+04,
C24H50,kTight,1.0000000000e-10,8.5000000000e-01,4,3.9144922415e-03,3.3023577120e-05,4101,1.0252500000e+05,
C24H50,kTight,1.0000000000e-10,8.5000000000e-01,5,9.8466616392e-04,9.6805227387e-06,4101,1.4763600000e+05,
C24H50,kTight,1.0000000000e-10,8.5000000000e-01,6,2.7073852251e-04,3.1320887783e-06,4101,2.0094900000e+05,
C24H50,kTight,1.0000000000e-10,8.5000000000e-01,7,8.0002572344e-05,1.0737199148e-06,4101,2.6246400000e+05,
C24H50,kTight,1.0000000000e-10,8.5000000000e-01,8,2.5176028031e-05,3.8119470403e-07,4101,3.3218100000e+05,
C24H50,kTight,1.0000000000e-10,7.0000000000e-01,0,1.7580623573e+00,1.2721282071e-02,3325,3.3250000000e+03,
C24H50,kTight,1.0000000000e-10,7.0000000000e-01,1,2.5011256715e-01,1.6332507355e-03,3325,1.3300000000e+04,
C24H50,kTight,1.0000000000e-10,7.0000000000e-01,2,3.1789685142e-02,2.3712803200e-04,3325,2.9925000000e+04,
C24H50,kTight,1.0000000000e-10,7.0000000000e-01,3,5.5508428005e-03,4.5573009769e-05,3325,5.3200000000e+04,
C24H50,kTight,1.0000000000e-10,7.0000000000e-01,4,1.0639693050e-03,1.0174837867e-05,3325,8.3125000000e+04,
C24H50,kTight,1.0000000000e-10,7.0000000000e-01,5,2.3300500313e-04,2.5472521607e-06,3325,1.1970000000e+05,
C24H50,kTight,1.0000000000e-10,7.0000000000e-01,6,5.5131355390e-05,6.8364408857e-07,3325,1.6292500000e+05,
C24H50,kTight,1.0000000000e-10,7.0000000000e-01,7,1.3925581338e-05,1.9207000561e-07,3325,2.1280000000e+05,
C24H50,kTight,1.0000000000e-10,7.0000000000e-01,8,3.6716725128e-06,5.5627042164e-08,3325,2.6932500000e+05,
C24H50,kTight,1.0000000000e-10,5.5000000000e-01,0,6.6343833984e-01,5.9553329160e-03,2315,2.3150000000e+03,
C24H50,kTight,1.0000000000e-10,5.5000000000e-01,1,8.3079231458e-02,5.8360935639e-04,2315,9.2600000000e+03,
C24H50,kTight,1.0000000000e-10,5.5000000000e-01,2,6.5666952980e-03,5.4828323239e-05,2315,2.0835000000e+04,
C24H50,kTight,1.0000000000e-10,5.5000000000e-01,3,8.3336244787e-04,7.3018159460e-06,2315,3.7040000000e+04,
C24H50,kTight,1.0000000000e-10,5.5000000000e-01,4,1.0414404912e-04,1.0964566377e-06,2315,5.7875000000e+04,
C24H50,kTight,1.0000000000e-10,5.5000000000e-01,5,1.5678973039e-05,1.8518080598e-07,2315,8.3340000000e+04,
C24H50,kTight,1.0000000000e-10,5.5000000000e-01,6,2.5013230863e-06,3.2869533153e-08,2315,1.1343500000e+05,
C24H50,kTight,1.0000000000e-10,5.5000000000e-01,7,4.3701847680e-07,6.4419948563e-09,2315,1.4816000000e+05,
C24H50,kTight,1.0000000000e-10,5.5000000000e-01,8,6.8433052191e-08,2.6769088295e-09,2315,1.8751500000e+05,
C24H50,kTight,1.0000000000e-10,4.5000000000e-01,0,3.2264438718e-01,3.0106443871e-03,1611,1.6110000000e+03,
C24H50,kTight,1.0000000000e-10,4.5000000000e-01,1,2.5499554422e-02,2.0780562554e-04,1611,6.4440000000e+03,
C24H50,kTight,1.0000000000e-10,4.5000000000e-01,2,1.1550736654e-03,1.2011319464e-05,1611,1.4499000000e+04,
C24H50,kTight,1.0000000000e-10,4.5000000000e-01,3,1.0557278505e-04,1.0477923458e-06,1611,2.5776000000e+04,
C24H50,kTight,1.0000000000e-10,4.5000000000e-01,4,7.1750490033e-06,8.5462741593e-08,1611,4.0275000000e+04,
C24H50,kTight,1.0000000000e-10,4.5000000000e-01,5,6.6320326085e-07,8.1927132951e-09,1611,5.7996000000e+04,
C24H50,kTight,1.0000000000e-10,4.5000000000e-01,6,4.6389628491e-08,2.5404923011e-09,1611,7.8939000000e+04,
C24H50,kTight,1.0000000000e-10,4.5000000000e-01,7,1.2387647474e-08,2.4459783827e-09,1611,1.0310400000e+05,
C24H50,kTight,1.0000000000e-10,4.5000000000e-01,8,7.0552146221e-09,2.4445672334e-09,1611,1.3049100000e+05,
C24H50,kTight,1.0000000000e-10,3.5000000000e-01,0,9.3262154722e-02,9.6200749127e-04,699,6.9900000000e+02,
C24H50,kTight,1.0000000000e-10,3.5000000000e-01,1,2.9266375947e-03,2.7685404708e-05,699,2.7960000000e+03,
C24H50,kTight,1.0000000000e-10,3.5000000000e-01,2,6.5048621533e-05,8.0206430303e-07,699,6.2910000000e+03,
C24H50,kTight,1.0000000000e-10,3.5000000000e-01,3,2.9318026965e-06,3.3050524729e-08,699,1.1184000000e+04,
C24H50,kTight,1.0000000000e-10,3.5000000000e-01,4,5.9570723617e-08,2.7112765817e-09,699,1.7475000000e+04,
C24H50,kTight,1.0000000000e-10,3.5000000000e-01,5,1.1814839020e-08,2.4449407059e-09,699,2.5164000000e+04,
C24H50,kTight,1.0000000000e-10,3.5000000000e-01,6,7.3747241395e-09,2.4444830409e-09,699,3.4251000000e+04,
C24H50,kTight,1.0000000000e-10,3.5000000000e-01,7,7.4774098771e-09,2.4444493167e-09,699,4.4736000000e+04,
C24H50,kTight,1.0000000000e-10,3.5000000000e-01,8,7.4687417440e-09,2.4444496514e-09,699,5.6619000000e+04,
C24H50,kTight,1.0000000000e-10,3.0000000000e-01,0,4.3857984021e-03,1.7858338481e-04,107,1.0700000000e+02,
C24H50,kTight,1.0000000000e-10,3.0000000000e-01,1,1.5827763682e-04,3.7538367882e-06,107,4.2800000000e+02,
C24H50,kTight,1.0000000000e-10,3.0000000000e-01,2,2.1334019826e-06,6.0535762331e-08,107,9.6300000000e+02,
C24H50,kTight,1.0000000000e-10,3.0000000000e-01,3,6.6516540710e-08,3.1513409572e-09,107,1.7120000000e+03,
C24H50,kTight,1.0000000000e-10,3.0000000000e-01,4,6.1285072515e-09,2.4454219236e-09,107,2.6750000000e+03,
C24H50,kTight,1.0000000000e-10,3.0000000000e-01,5,7.5250560636e-09,2.4443684486e-09,107,3.8520000000e+03,
C24H50,kTight,1.0000000000e-10,3.0000000000e-01,6,7.4811378394e-09,2.4443754273e-09,107,5.2430000000e+03,
C24H50,kTight,1.0000000000e-10,3.0000000000e-01,7,7.4817775941e-09,2.4443753364e-09,107,6.8480000000e+03,
C24H50,kTight,1.0000000000e-10,3.0000000000e-01,8,7.4817334393e-09,2.4443753529e-09,107,8.6670000000e+03,
